## System ID,Tag Name,Retentive Mode,Initial Value,MODBUS Start Address,MODBUS End Address,Number of Characters,Number of Rows,Number of Columns,Wiring Label,Comment,Forceable,Init Forced,Init Force Value
## 2.0
SBR-001008,"1 Minute Bit",false,"False",,,,,,,"On for 30 seconds and Off for 30 seconds",,,
SBR-001009,"2 Second Bit",false,"False",,,,,,,"On for 1 second and Off for 1 second",,,
AIS32-0.1.1.1,"AI1_1",false,"0",,,,,,,,false,false,"0"
AIS32-0.1.1.2,"AI1_2",false,"0",,,,,,,,false,false,"0"
AIS32-0.1.1.3,"AI1_3",false,"0",,,,,,,,false,false,"0"
AIS32-0.1.1.4,"AI1_4",false,"0",,,,,,,,false,false,"0"
AOS32-0.1.1.1,"AO1_1",false,"0",,,,,,,,false,false,"0"
AOS32-0.1.1.2,"AO1_2",false,"0",,,,,,,,false,false,"0"
SBR-001002,"Always Off Bit",false,"False",,,,,,,"always off",,,
SBR-001017,"Array out of range error",false,"False",,,,,,,"On if an array index is outside the range of the array",,,
SWR-001514,"Array range error rung location",false,"0",,,,,,,"Rung Number in which ""Array out of range error"" occurred",,,
SWR-001513,"Array range error task location",false,"0",,,,,,,"Task Number in which ""Array out of range error"" occurred",,,
SWR-001506,"Avg Logic Scan Time [x100=usec]",false,"0",,,,,,,"average logic scan time",,,
SWR-001503,"Avg Scan Interval [x100=usec]",false,"0",,,,,,,"average overall scan time",,,
SBR-001006,"Battery Disabled",false,"False",,,,,,,"On if the ""CPU Battery Alarm"" is disabled in H/W Configuration",,,
SBR-001005,"Battery Low Bit",false,"False",,,,,,,"On if the battery is weak (""CPU Battery Alarm"" in H/W Configuration)",,,
SWR-001518,"Battery Voltage",false,"0",,,,,,,"battery voltage in 10ths of a volt",,,
SSTR-000041,"CPU Event Log String 01",false,,,,50,,,,"most recent CPU event log message",,,
SSTR-000042,"CPU Event Log String 02",false,,,,50,,,,"2nd most recent CPU event log message",,,
SSTR-000043,"CPU Event Log String 03",false,,,,50,,,,"3rd most recent CPU event log message",,,
SSTR-000044,"CPU Event Log String 04",false,,,,50,,,,"4th most recent CPU event log message",,,
SSTR-000045,"CPU Event Log String 05",false,,,,50,,,,"5th most recent CPU event log message",,,
SSTR-000046,"CPU Event Log String 06",false,,,,50,,,,"6th most recent CPU event log message",,,
SSTR-000047,"CPU Event Log String 07",false,,,,50,,,,"7th most recent CPU event log message",,,
SSTR-000048,"CPU Event Log String 08",false,,,,50,,,,"8th most recent CPU event log message",,,
SSTR-000049,"CPU Event Log String 09",false,,,,50,,,,"9th most recent CPU event log message",,,
SSTR-000050,"CPU Event Log String 10",false,,,,50,,,,"10th most recent CPU event log message",,,
SSTR-000051,"CPU Event Log String 11",false,,,,50,,,,"11th most recent CPU event log message",,,
SSTR-000052,"CPU Event Log String 12",false,,,,50,,,,"12th most recent CPU event log message",,,
SSTR-000053,"CPU Event Log String 13",false,,,,50,,,,"13th most recent CPU event log message",,,
SSTR-000054,"CPU Event Log String 14",false,,,,50,,,,"14th most recent CPU event log message",,,
SSTR-000055,"CPU Event Log String 15",false,,,,50,,,,"15th most recent CPU event log message",,,
SSTR-000056,"CPU Event Log String 16",false,,,,50,,,,"16th most recent CPU event log message",,,
SSTR-000057,"CPU Event Log String 17",false,,,,50,,,,"17th most recent CPU event log message",,,
SSTR-000058,"CPU Event Log String 18",false,,,,50,,,,"18th most recent CPU event log message",,,
SSTR-000059,"CPU Event Log String 19",false,,,,50,,,,"19th most recent CPU event log message",,,
SSTR-000060,"CPU Event Log String 20",false,,,,50,,,,"20th most recent CPU event log message",,,
SSTR-000101,"CPU Model Name",false,,,,50,,,,"CPU Model (ex: ""P3-550"")",,,
SSTR-000102,"CPU Program File Name",false,,,,50,,,,"CPU program file name",,,
SBR-001001,"CPU in Run",false,"False",,,,,,,"On during Run or Debug mode",,,
AR1US8-000001(1),"CR_IntArray(1)",FALSE,"0",,,,,1,,,,,
SWR-001523,"Clock Day",false,"0",,,,,,,"current Real Time Clock Calendar Day",,,
SWRW-001754,"Clock Day Set",false,"0",,,,,,,"new Real Time Clock Day (set all 3 date values then set ""Initiate_New_Date"" on)",,,
SWR-001522,"Clock Day of Week",false,"0",,,,,,,"current Real Time Clock Day of the week (1=Mon ...7=Sun)",,,
SWR-001521,"Clock Hours",false,"0",,,,,,,"current Real Time Clock Hours",,,
SWRW-001753,"Clock Hours Set",false,"0",,,,,,,"new Real Time Clock Hours (set all 3 time values then set ""Initiate_New_Time"" on)",,,
SWR-001520,"Clock Minutes",false,"0",,,,,,,"current Real Time Clock Minutes",,,
SWRW-001752,"Clock Minutes Set",false,"0",,,,,,,"new Real Time Clock Minutes (set all 3 time values then set ""Initiate_New_Time"" on)",,,
SWR-001524,"Clock Month",false,"0",,,,,,,"current Real Time Clock Calendar Month",,,
SWRW-001755,"Clock Month Set",false,"0",,,,,,,"new Real Time Clock Month (set all 3 date values then set ""Initiate_New_Date"" on)",,,
SWR-001519,"Clock Seconds",false,"0",,,,,,,"current Real Time Clock Seconds",,,
SWRW-001751,"Clock Seconds Set",false,"0",,,,,,,"new Real Time Clock Seconds (set all 3 time values then set ""Initiate_New_Time"" on)",,,
SWR-001525,"Clock Year",false,"0",,,,,,,"current Real Time Clock Calendar Year",,,
SWRW-001756,"Clock Year Set",false,"0",,,,,,,"new Real Time Clock Year (set all 3 date values then set ""Initiate_New_Date"" on)",,,
S32-000204,"Cnt.Current",false,"0",,,,,,,,false,false,"0"
C-000095,"Cnt.Done",false,"False",,,,,,,,false,false,"False"
S32-000203,"Cnt.Preset",false,"100",,,,,,,,false,false,"0"
STR-000007,"Cr_String",false,,,,1,,,,,,,
SBR-001012,"Critical Error Bit",false,"False",,,,,,,"On when a critical error is active",,,
SWR-000001,"Critical Error Log 01",false,"0",,,,,,,"most recent critical error",,,
SWR-000002,"Critical Error Log 02",false,"0",,,,,,,"2nd most recent critical error",,,
SWR-000003,"Critical Error Log 03",false,"0",,,,,,,"3rd most recent critical error",,,
SWR-000004,"Critical Error Log 04",false,"0",,,,,,,"4th most recent critical error",,,
SWR-000005,"Critical Error Log 05",false,"0",,,,,,,"5th most recent critical error",,,
SWR-000006,"Critical Error Log 06",false,"0",,,,,,,"6th most recent critical error",,,
SWR-000007,"Critical Error Log 07",false,"0",,,,,,,"7th most recent critical error",,,
SWR-000008,"Critical Error Log 08",false,"0",,,,,,,"8th most recent critical error",,,
SWR-000009,"Critical Error Log 09",false,"0",,,,,,,"9th most recent critical error",,,
SWR-000010,"Critical Error Log 10",false,"0",,,,,,,"10th most recent critical error",,,
SWR-000011,"Critical Error Log 11",false,"0",,,,,,,"11th most recent critical error",,,
SWR-000012,"Critical Error Log 12",false,"0",,,,,,,"12th most recent critical error",,,
SWR-000013,"Critical Error Log 13",false,"0",,,,,,,"13th most recent critical error",,,
SWR-000014,"Critical Error Log 14",false,"0",,,,,,,"14th most recent critical error",,,
SWR-000015,"Critical Error Log 15",false,"0",,,,,,,"15th most recent critical error",,,
SWR-000016,"Critical Error Log 16",false,"0",,,,,,,"16th most recent critical error",,,
SWR-000017,"Critical Error Log 17",false,"0",,,,,,,"17th most recent critical error",,,
SWR-000018,"Critical Error Log 18",false,"0",,,,,,,"18th most recent critical error",,,
SWR-000019,"Critical Error Log 19",false,"0",,,,,,,"19th most recent critical error",,,
SWR-000020,"Critical Error Log 20",false,"0",,,,,,,"20th most recent critical error",,,
SSTR-000001,"Critical Error Log String 01",false,,,,50,,,,"most recent critical error message",,,
SSTR-000002,"Critical Error Log String 02",false,,,,50,,,,"2nd most recent critical error message",,,
SSTR-000003,"Critical Error Log String 03",false,,,,50,,,,"3rd most recent critical error message",,,
SSTR-000004,"Critical Error Log String 04",false,,,,50,,,,"4th most recent critical error message",,,
SSTR-000005,"Critical Error Log String 05",false,,,,50,,,,"5th most recent critical error message",,,
SSTR-000006,"Critical Error Log String 06",false,,,,50,,,,"6th most recent critical error message",,,
SSTR-000007,"Critical Error Log String 07",false,,,,50,,,,"7th most recent critical error message",,,
SSTR-000008,"Critical Error Log String 08",false,,,,50,,,,"8th most recent critical error message",,,
SSTR-000009,"Critical Error Log String 09",false,,,,50,,,,"9th most recent critical error message",,,
SSTR-000010,"Critical Error Log String 10",false,,,,50,,,,"10th most recent critical error message",,,
SSTR-000011,"Critical Error Log String 11",false,,,,50,,,,"11th most recent critical error message",,,
SSTR-000012,"Critical Error Log String 12",false,,,,50,,,,"12th most recent critical error message",,,
SSTR-000013,"Critical Error Log String 13",false,,,,50,,,,"13th most recent critical error message",,,
SSTR-000014,"Critical Error Log String 14",false,,,,50,,,,"14th most recent critical error message",,,
SSTR-000015,"Critical Error Log String 15",false,,,,50,,,,"15th most recent critical error message",,,
SSTR-000016,"Critical Error Log String 16",false,,,,50,,,,"16th most recent critical error message",,,
SSTR-000017,"Critical Error Log String 17",false,,,,50,,,,"17th most recent critical error message",,,
SSTR-000018,"Critical Error Log String 18",false,,,,50,,,,"18th most recent critical error message",,,
SSTR-000019,"Critical Error Log String 19",false,,,,50,,,,"19th most recent critical error message",,,
SSTR-000020,"Critical Error Log String 20",false,,,,50,,,,"20th most recent critical error message",,,
SWR-001510,"Current Critical Error",false,"0",,,,,,,"current critical error number",,,
SWR-001516,"Current I/O Config Error Base",false,"0",,,,,,,"I/O base in which ""I/O Configuration Error"" occurred",,,
SWR-001515,"Current I/O Config Error Group",false,"0",,,,,,,"I/O group in which ""I/O Configuration Error"" occurred",,,
SWR-001517,"Current I/O Config Error Slot",false,"0",,,,,,,"I/O slot in which ""I/O Configuration Error"" occurred",,,
SWR-001511,"Current Non-critical Error",false,"0",,,,,,,"current noncritical error number",,,
F32-000009,"CurrentRecipe.D",false,"0.0",,,,,,,,false,false,"0.0"
F32-000008,"CurrentRecipe.I",false,"0.0",,,,,,,,false,false,"0.0"
STR-000001,"CurrentRecipe.Name",false,,,,15,,,,,,,
US16-000006,"CurrentRecipe.Number",false,"0",,,,,,,,false,false,"0"
S32-000009,"CurrentRecipe.Output",false,"0",,,,,,,,false,false,"0"
F32-000007,"CurrentRecipe.P",false,"0.0",,,,,,,,false,false,"0.0"
F32-000006,"CurrentRecipe.ProcessVar",false,"0.0",,,,,,,,false,false,"0.0"
US16-000003,"CurrentRecipe.SetPt",false,"0",,,,,,,,false,false,"0"
DI-0.1.2.1,"DI-0.1.2.1",false,"False",,,,,,,"Door Interlock 0 = Door Open 1 = Door Is Closed",false,false,"False"
DI-0.1.2.2,"DI-0.1.2.2",false,"False",,,,,,,,false,false,"False"
DI-0.1.2.3,"DI-0.1.2.3",false,"False",,,,,,,,false,false,"False"
DI-0.1.2.4,"DI-0.1.2.4",false,"False",,,,,,,,false,false,"False"
DI-0.1.2.5,"DI-0.1.2.5",false,"False",,,,,,,,false,false,"False"
DI-0.1.2.6,"DI-0.1.2.6",false,"False",,,,,,,,false,false,"False"
DI-0.1.2.7,"DI-0.1.2.7",false,"False",,,,,,,,false,false,"False"
DI-0.1.2.8,"DI-0.1.2.8",false,"False",,,,,,,,false,false,"False"
S32-000212,"DMM.MessagesPending",false,"0",,,,,,,,false,false,"0"
S32-000211,"DMM.MessagesReceived",false,"0",,,,,,,,false,false,"0"
S32-000210,"DMM.MessagesSent",false,"0",,,,,,,,false,false,"0"
C-000097,"DMM.QueueOverflow",false,"False",,,,,,,,false,false,"False"
C-000096,"DMM.TCPConnected",false,"False",,,,,,,,false,false,"False"
STR-000005,"DMM.TcpIpError",false,,,,32,,,,,,,
S32-000216,"DMM_Receive.BytesReceived",false,"0",,,,,,,,false,false,"0"
S32-000215,"DMM_Receive.BytesToSend",false,"0",,,,,,,,false,false,"0"
C-000099,"DMM_Receive.Complete",false,"False",,,,,,,,false,false,"False"
C-000098,"DMM_Receive.InProgress",false,"False",,,,,,,,false,false,"False"
AR1S32-000008(1),"DMM_Result(1).FoundIndex",FALSE,"0",,,,,10,,,,,
AR1S32-000008(2),"DMM_Result(2).FoundIndex",FALSE,"0",,,,,,,,,,
AR1S32-000008(3),"DMM_Result(3).FoundIndex",FALSE,"0",,,,,,,,,,
AR1S32-000008(4),"DMM_Result(4).FoundIndex",FALSE,"0",,,,,,,,,,
AR1S32-000008(5),"DMM_Result(5).FoundIndex",FALSE,"0",,,,,,,,,,
AR1S32-000008(6),"DMM_Result(6).FoundIndex",FALSE,"0",,,,,,,,,,
AR1S32-000008(7),"DMM_Result(7).FoundIndex",FALSE,"0",,,,,,,,,,
AR1S32-000008(8),"DMM_Result(8).FoundIndex",FALSE,"0",,,,,,,,,,
AR1S32-000008(9),"DMM_Result(9).FoundIndex",FALSE,"0",,,,,,,,,,
AR1S32-000008(10),"DMM_Result(10).FoundIndex",FALSE,"0",,,,,,,,,,
AR1S32-000005(1),"DMM_Result(1).FromIndex",FALSE,"0",,,,,10,,,,,
AR1S32-000005(2),"DMM_Result(2).FromIndex",FALSE,"0",,,,,,,,,,
AR1S32-000005(3),"DMM_Result(3).FromIndex",FALSE,"0",,,,,,,,,,
AR1S32-000005(4),"DMM_Result(4).FromIndex",FALSE,"0",,,,,,,,,,
AR1S32-000005(5),"DMM_Result(5).FromIndex",FALSE,"0",,,,,,,,,,
AR1S32-000005(6),"DMM_Result(6).FromIndex",FALSE,"0",,,,,,,,,,
AR1S32-000005(7),"DMM_Result(7).FromIndex",FALSE,"0",,,,,,,,,,
AR1S32-000005(8),"DMM_Result(8).FromIndex",FALSE,"0",,,,,,,,,,
AR1S32-000005(9),"DMM_Result(9).FromIndex",FALSE,"0",,,,,,,,,,
AR1S32-000005(10),"DMM_Result(10).FromIndex",FALSE,"0",,,,,,,,,,
AR1S32-000007(1),"DMM_Result(1).Instance",FALSE,"0",,,,,10,,,,,
AR1S32-000007(2),"DMM_Result(2).Instance",FALSE,"0",,,,,,,,,,
AR1S32-000007(3),"DMM_Result(3).Instance",FALSE,"0",,,,,,,,,,
AR1S32-000007(4),"DMM_Result(4).Instance",FALSE,"0",,,,,,,,,,
AR1S32-000007(5),"DMM_Result(5).Instance",FALSE,"0",,,,,,,,,,
AR1S32-000007(6),"DMM_Result(6).Instance",FALSE,"0",,,,,,,,,,
AR1S32-000007(7),"DMM_Result(7).Instance",FALSE,"0",,,,,,,,,,
AR1S32-000007(8),"DMM_Result(8).Instance",FALSE,"0",,,,,,,,,,
AR1S32-000007(9),"DMM_Result(9).Instance",FALSE,"0",,,,,,,,,,
AR1S32-000007(10),"DMM_Result(10).Instance",FALSE,"0",,,,,,,,,,
AR1STR-000004(1),"DMM_Result(1).Source",FALSE,,,,15,,10,,,,,
AR1STR-000004(2),"DMM_Result(2).Source",FALSE,,,,15,,,,,,,
AR1STR-000004(3),"DMM_Result(3).Source",FALSE,,,,15,,,,,,,
AR1STR-000004(4),"DMM_Result(4).Source",FALSE,,,,15,,,,,,,
AR1STR-000004(5),"DMM_Result(5).Source",FALSE,,,,15,,,,,,,
AR1STR-000004(6),"DMM_Result(6).Source",FALSE,,,,15,,,,,,,
AR1STR-000004(7),"DMM_Result(7).Source",FALSE,,,,15,,,,,,,
AR1STR-000004(8),"DMM_Result(8).Source",FALSE,,,,15,,,,,,,
AR1STR-000004(9),"DMM_Result(9).Source",FALSE,,,,15,,,,,,,
AR1STR-000004(10),"DMM_Result(10).Source",FALSE,,,,15,,,,,,,
AR1C-000009(1),"DMM_Result(1).Success",FALSE,"False",,,,,10,,,,,
AR1C-000009(2),"DMM_Result(2).Success",FALSE,"False",,,,,,,,,,
AR1C-000009(3),"DMM_Result(3).Success",FALSE,"False",,,,,,,,,,
AR1C-000009(4),"DMM_Result(4).Success",FALSE,"False",,,,,,,,,,
AR1C-000009(5),"DMM_Result(5).Success",FALSE,"False",,,,,,,,,,
AR1C-000009(6),"DMM_Result(6).Success",FALSE,"False",,,,,,,,,,
AR1C-000009(7),"DMM_Result(7).Success",FALSE,"False",,,,,,,,,,
AR1C-000009(8),"DMM_Result(8).Success",FALSE,"False",,,,,,,,,,
AR1C-000009(9),"DMM_Result(9).Success",FALSE,"False",,,,,,,,,,
AR1C-000009(10),"DMM_Result(10).Success",FALSE,"False",,,,,,,,,,
AR1S32-000006(1),"DMM_Result(1).ToIndex",FALSE,"0",,,,,10,,,,,
AR1S32-000006(2),"DMM_Result(2).ToIndex",FALSE,"0",,,,,,,,,,
AR1S32-000006(3),"DMM_Result(3).ToIndex",FALSE,"0",,,,,,,,,,
AR1S32-000006(4),"DMM_Result(4).ToIndex",FALSE,"0",,,,,,,,,,
AR1S32-000006(5),"DMM_Result(5).ToIndex",FALSE,"15",,,,,,,,,,
AR1S32-000006(6),"DMM_Result(6).ToIndex",FALSE,"0",,,,,,,,,,
AR1S32-000006(7),"DMM_Result(7).ToIndex",FALSE,"0",,,,,,,,,,
AR1S32-000006(8),"DMM_Result(8).ToIndex",FALSE,"0",,,,,,,,,,
AR1S32-000006(9),"DMM_Result(9).ToIndex",FALSE,"0",,,,,,,,,,
AR1S32-000006(10),"DMM_Result(10).ToIndex",FALSE,"0",,,,,,,,,,
AR1STR-000005(1),"DMM_Result(1).Value",FALSE,,,,15,,10,,,,,
AR1STR-000005(2),"DMM_Result(2).Value",FALSE,,,,15,,,,,,,
AR1STR-000005(3),"DMM_Result(3).Value",FALSE,,,,15,,,,,,,
AR1STR-000005(4),"DMM_Result(4).Value",FALSE,,,,15,,,,,,,
AR1STR-000005(5),"DMM_Result(5).Value",FALSE,,,,15,,,,,,,
AR1STR-000005(6),"DMM_Result(6).Value",FALSE,,,,15,,,,,,,
AR1STR-000005(7),"DMM_Result(7).Value",FALSE,,,,15,,,,,,,
AR1STR-000005(8),"DMM_Result(8).Value",FALSE,,,,15,,,,,,,
AR1STR-000005(9),"DMM_Result(9).Value",FALSE,,,,15,,,,,,,
AR1STR-000005(10),"DMM_Result(10).Value",FALSE,,,,15,,,,,,,
S32-000229,"DMM_Results_1.FoundIndex",false,"0",,,,,,,,false,false,"0"
S32-000226,"DMM_Results_1.FromIndex",false,"1",,,,,,,,false,false,"0"
S32-000228,"DMM_Results_1.Instance",false,"0",,,,,,,,false,false,"0"
STR-000028,"DMM_Results_1.Source",false,,,,15,,,,,,,
C-000110,"DMM_Results_1.Success",false,"False",,,,,,,,false,false,"False"
S32-000227,"DMM_Results_1.ToIndex",false,"15",,,,,,,,false,false,"0"
STR-000029,"DMM_Results_1.Value",false,,,,15,,,,,,,
S32-000225,"DMM_Results_2.FoundIndex",false,"0",,,,,,,,false,false,"0"
S32-000222,"DMM_Results_2.FromIndex",false,"1",,,,,,,,false,false,"0"
S32-000224,"DMM_Results_2.Instance",false,"0",,,,,,,,false,false,"0"
STR-000026,"DMM_Results_2.Source",false,,,,15,,,,,,,
C-000109,"DMM_Results_2.Success",false,"False",,,,,,,,false,false,"False"
S32-000223,"DMM_Results_2.ToIndex",false,"15",,,,,,,,false,false,"0"
STR-000027,"DMM_Results_2.Value",false,,,,15,,,,,,,
S32-000237,"DMM_Results_3.FoundIndex",false,"0",,,,,,,,false,false,"0"
S32-000234,"DMM_Results_3.FromIndex",false,"1",,,,,,,,false,false,"0"
S32-000236,"DMM_Results_3.Instance",false,"0",,,,,,,,false,false,"0"
STR-000032,"DMM_Results_3.Source",false,,,,15,,,,,,,
C-000112,"DMM_Results_3.Success",false,"False",,,,,,,,false,false,"False"
S32-000235,"DMM_Results_3.ToIndex",false,"15",,,,,,,,false,false,"0"
STR-000033,"DMM_Results_3.Value",false,,,,15,,,,,,,
S32-000233,"DMM_Results_OL.FoundIndex",false,"0",,,,,,,,false,false,"0"
S32-000230,"DMM_Results_OL.FromIndex",false,"1",,,,,,,,false,false,"0"
S32-000232,"DMM_Results_OL.Instance",false,"0",,,,,,,,false,false,"0"
STR-000030,"DMM_Results_OL.Source",false,,,,15,,,,,,,
C-000111,"DMM_Results_OL.Success",false,"False",,,,,,,,false,false,"False"
S32-000231,"DMM_Results_OL.ToIndex",false,"15",,,,,,,,false,false,"0"
STR-000031,"DMM_Results_OL.Value",false,,,,15,,,,,,,
S32-000218,"DMM_Send.BytesReceived",false,"0",,,,,,,,false,false,"0"
S32-000217,"DMM_Send.BytesToSend",false,"0",,,,,,,,false,false,"0"
C-000101,"DMM_Send.Complete",false,"False",,,,,,,,false,false,"False"
C-000100,"DMM_Send.InProgress",false,"False",,,,,,,,false,false,"False"
DO-0.1.2.1,"DO-0.1.2.1",false,"False",,,,,,,"Door Release Solenoid",false,false,"False"
DO-0.1.2.2,"DO-0.1.2.2",false,"False",,,,,,,"Pressure Relief Solenoid ",false,false,"False"
DO-0.1.2.3,"DO-0.1.2.3",false,"False",,,,,,,"Audible Alarm",false,false,"False"
DO-0.1.2.4,"DO-0.1.2.4",false,"False",,,,,,,,false,false,"False"
DO-0.1.2.5,"DO-0.1.2.5",false,"False",,,,,,,,false,false,"False"
DO-0.1.2.6,"DO-0.1.2.6",false,"False",,,,,,,,false,false,"False"
DO-0.1.2.7,"DO-0.1.2.7",false,"False",,,,,,,,false,false,"False"
C-000114,"Debounce1",true,"False",,,,,,,,false,false,"False"
F32-000017,"EmptyRecipe.D",false,"0.0",,,,,,,,false,false,"0.0"
F32-000016,"EmptyRecipe.I",false,"0.0",,,,,,,,false,false,"0.0"
STR-000003,"EmptyRecipe.Name",false,"None",,,15,,,,,,,
US16-000007,"EmptyRecipe.Number",false,"0",,,,,,,,false,false,"0"
S32-000010,"EmptyRecipe.Output",false,"0",,,,,,,,false,false,"0"
F32-000015,"EmptyRecipe.P",false,"0.0",,,,,,,,false,false,"0.0"
F32-000014,"EmptyRecipe.ProcessVar",false,"0.0",,,,,,,,false,false,"0.0"
US16-000005,"EmptyRecipe.SetPt",false,"0",,,,,,,,false,false,"0"
SWR-001526,"Ethernet Speed [External]",false,"0",,,,,,,"""Ethernet"" port speed (Ethernet 10 or 100)",,,
SWR-001527,"Ethernet Speed [Internal]",false,"0",,,,,,,"""Remote I/O"" port speed (Ethernet 10 or 100)",,,
SBR-001004,"Every Other Scan Bit",false,"False",,,,,,,"toggles at the start of each scan",,,
SWR-001509,"Firmware Version",false,"0",,,,,,,"CPU Firmware Version Number in Hex (ex: 0x0102 is version 01.02 or 1.2)",,,
SSTR-000104,"Firmware Version[CPU]",false,,,,50,,,,"CPU firmware version viewed as 001.000.009.023",,,
SWR-001528,"Firmware Version[major]",false,"0",,,,,,,"CPU firmware Major version number in hex. (ex:  0x0100 =  major version 1.0)",,,
SWR-001529,"Firmware Version[minor]",false,"0",,,,,,,"CPU firmware Minor version number in hex. (ex: 0x0917 = minor version 9.23)",,,
SBR-001003,"First Scan Bit",false,"False",,,,,,,"On during first scan in Run or Debug mode",,,
SWR-001530,"First Scan Interval [x100=usec]",false,"0",,,,,,,"Holds the value of the First Scan time",,,
C-000113,"Flasher",false,"False",,,,,,,,false,false,"False"
SBR-001007,"Forces Enabled",false,"False",,,,,,,"On if any forces are enabled",,,
SBR-001015,"I/O Configuration Error",false,"False",,,,,,,"On if actual I/O configuration and project I/O configuration do not match",,,
SBR-001014,"I/O Error",false,"False",,,,,,,"On for any module error (such as a blown fuse)",,,
SWRW-001758,"Identify Module Base Number",false,"0",,,,,,,"base number of module to be identified (See ""Requested Module Name"" tag)",,,
SWRW-001757,"Identify Module Group Number",false,"0",,,,,,,"group number of module to be identified (See ""Requested Module Name"" tag)",,,
SBRW-001005,"Identify Module Request bit",false,"False",,,,,,,"set On to refresh ""Requested Module Name"" tag per the 3 ""Identify"" GBS tags",,,
SWRW-001759,"Identify Module Slot Number",false,"0",,,,,,,"slot number of module to be identified (See ""Requested Module Name"" tag)",,,
SBRW-001002,"Initiate_New_Date",false,"False",,,,,,,"set On to change clock date (see ""Clock Year Set"" tag)",,,
SBRW-001001,"Initiate_New_Time",false,"False",,,,,,,"set On to change clock time (see ""Clock Hours Set"" tag)",,,
SWR-001504,"Last Logic Scan Time [x100=usec]",false,"0",,,,,,,"most recent logic scan time",,,
SWR-001501,"Last Scan Interval [x100=usec]",false,"0",,,,,,,"most recent overall scan time",,,
MST-0.0.0.1,"MST-0.0.0.1",false,"False",,,,,,,"RS232 Heartbeat Timeout Bit",false,false,"False"
MST-0.0.0.2,"MST-0.0.0.2",false,"False",,,,,,,"RS232 Port Buffer Full Bit (95% Full)",false,false,"False"
MST-0.0.0.3,"MST-0.0.0.3",false,"False",,,,,,,"RS232 Port Ready Bit",false,false,"False"
MST-0.0.0.33,"MST-0.0.0.33",false,"False",,,,,,,"RS485 Heartbeat Timeout Bit",false,false,"False"
MST-0.0.0.34,"MST-0.0.0.34",false,"False",,,,,,,"RS485 Port Buffer Full Bit (95% Full)",false,false,"False"
MST-0.0.0.35,"MST-0.0.0.35",false,"False",,,,,,,"RS485 Port Ready Bit",false,false,"False"
MST-0.0.0.65,"MST-0.0.0.65",false,"False",,,,,,,"Ethernet Heartbeat Timeout Bit",false,false,"False"
MST-0.0.0.66,"MST-0.0.0.66",false,"False",,,,,,,"Ethernet Port Buffer Full Bit (95% Full)",false,false,"False"
MST-0.0.0.67,"MST-0.0.0.67",false,"False",,,,,,,"Ethernet Port Ready Bit",false,false,"False"
MST-0.1.1.25,"MST-0.1.1.25",false,"False",,,,,,,"Module Failed",false,false,"False"
MST-0.1.1.26,"MST-0.1.1.26",false,"False",,,,,,,"Missing 24V",false,false,"False"
MST-0.1.1.57,"MST-0.1.1.57",false,"False",,,,,,,"Under Range Error (1)",false,false,"False"
MST-0.1.1.58,"MST-0.1.1.58",false,"False",,,,,,,"Under Range Error (2)",false,false,"False"
MST-0.1.1.59,"MST-0.1.1.59",false,"False",,,,,,,"Under Range Error (3)",false,false,"False"
MST-0.1.1.60,"MST-0.1.1.60",false,"False",,,,,,,"Under Range Error (4)",false,false,"False"
MST-0.1.1.89,"MST-0.1.1.89",false,"False",,,,,,,"Over Range Error (1)",false,false,"False"
MST-0.1.1.90,"MST-0.1.1.90",false,"False",,,,,,,"Over Range Error (2)",false,false,"False"
MST-0.1.1.91,"MST-0.1.1.91",false,"False",,,,,,,"Over Range Error (3)",false,false,"False"
MST-0.1.1.92,"MST-0.1.1.92",false,"False",,,,,,,"Over Range Error (4)",false,false,"False"
SBR-001013,"Noncritical Error Bit",false,"False",,,,,,,"On when a noncritical error is active",,,
SWR-000021,"Noncritical Error Log 01",false,"0",,,,,,,"most recent noncritical error",,,
SWR-000022,"Noncritical Error Log 02",false,"0",,,,,,,"2nd most recent noncritical error",,,
SWR-000023,"Noncritical Error Log 03",false,"0",,,,,,,"3rd most recent noncritical error",,,
SWR-000024,"Noncritical Error Log 04",false,"0",,,,,,,"4th most recent noncritical error",,,
SWR-000025,"Noncritical Error Log 05",false,"0",,,,,,,"5th most recent noncritical error",,,
SWR-000026,"Noncritical Error Log 06",false,"0",,,,,,,"6th most recent noncritical error",,,
SWR-000027,"Noncritical Error Log 07",false,"0",,,,,,,"7th most recent noncritical error",,,
SWR-000028,"Noncritical Error Log 08",false,"0",,,,,,,"8th most recent noncritical error",,,
SWR-000029,"Noncritical Error Log 09",false,"0",,,,,,,"9th most recent noncritical error",,,
SWR-000030,"Noncritical Error Log 10",false,"0",,,,,,,"10th most recent noncritical error",,,
SWR-000031,"Noncritical Error Log 11",false,"0",,,,,,,"11th most recent noncritical error",,,
SWR-000032,"Noncritical Error Log 12",false,"0",,,,,,,"12th most recent noncritical error",,,
SWR-000033,"Noncritical Error Log 13",false,"0",,,,,,,"13th most recent noncritical error",,,
SWR-000034,"Noncritical Error Log 14",false,"0",,,,,,,"14th most recent noncritical error",,,
SWR-000035,"Noncritical Error Log 15",false,"0",,,,,,,"15th most recent noncritical error",,,
SWR-000036,"Noncritical Error Log 16",false,"0",,,,,,,"16th most recent noncritical error",,,
SWR-000037,"Noncritical Error Log 17",false,"0",,,,,,,"17th most recent noncritical error",,,
SWR-000038,"Noncritical Error Log 18",false,"0",,,,,,,"18th most recent noncritical error",,,
SWR-000039,"Noncritical Error Log 19",false,"0",,,,,,,"19th most recent noncritical error",,,
SWR-000040,"Noncritical Error Log 20",false,"0",,,,,,,"20th most recent noncritical error",,,
SSTR-000021,"Noncritical Error Log String 01",false,,,,50,,,,"most recent noncritical error message",,,
SSTR-000022,"Noncritical Error Log String 02",false,,,,50,,,,"2nd most recent noncritical error message",,,
SSTR-000023,"Noncritical Error Log String 03",false,,,,50,,,,"3rd most recent noncritical error message",,,
SSTR-000024,"Noncritical Error Log String 04",false,,,,50,,,,"4th most recent noncritical error message",,,
SSTR-000025,"Noncritical Error Log String 05",false,,,,50,,,,"5th most recent noncritical error message",,,
SSTR-000026,"Noncritical Error Log String 06",false,,,,50,,,,"6th most recent noncritical error message",,,
SSTR-000027,"Noncritical Error Log String 07",false,,,,50,,,,"7th most recent noncritical error message",,,
SSTR-000028,"Noncritical Error Log String 08",false,,,,50,,,,"8th most recent noncritical error message",,,
SSTR-000029,"Noncritical Error Log String 09",false,,,,50,,,,"9th most recent noncritical error message",,,
SSTR-000030,"Noncritical Error Log String 10",false,,,,50,,,,"10th most recent noncritical error message",,,
SSTR-000031,"Noncritical Error Log String 11",false,,,,50,,,,"11th most recent noncritical error message",,,
SSTR-000032,"Noncritical Error Log String 12",false,,,,50,,,,"12th most recent noncritical error message",,,
SSTR-000033,"Noncritical Error Log String 13",false,,,,50,,,,"13th most recent noncritical error message",,,
SSTR-000034,"Noncritical Error Log String 14",false,,,,50,,,,"14th most recent noncritical error message",,,
SSTR-000035,"Noncritical Error Log String 15",false,,,,50,,,,"15th most recent noncritical error message",,,
SSTR-000036,"Noncritical Error Log String 16",false,,,,50,,,,"16th most recent noncritical error message",,,
SSTR-000037,"Noncritical Error Log String 17",false,,,,50,,,,"17th most recent noncritical error message",,,
SSTR-000038,"Noncritical Error Log String 18",false,,,,50,,,,"18th most recent noncritical error message",,,
SSTR-000039,"Noncritical Error Log String 19",false,,,,50,,,,"19th most recent noncritical error message",,,
SSTR-000040,"Noncritical Error Log String 20",false,,,,50,,,,"20th most recent noncritical error message",,,
SWRW-000251,"Number of Critical Errors",false,"0",,,,,,,"number of critical errors",,,
SWRW-000252,"Number of Non-critical Errors",false,"0",,,,,,,"number of noncritical errors",,,
S32-000027,"PID.AlarmHyst",false,"0",,,,,,,,false,false,"0"
S32-000016,"PID.BiasTerm",false,"0",,,,,,,,false,false,"0"
C-000002,"PID.CascadeCtrlEna",false,"False",,,,,,,,false,false,"False"
S32-000057,"PID.Control",false,"0",,,,,,,,false,false,"0"
S32-000018,"PID.Deadband",false,"0",,,,,,,,false,false,"0"
S32-000015,"PID.DerivLimit",false,"0",,,,,,,,false,false,"0"
S32-000025,"PID.DevOrange",false,"0",,,,,,,,false,false,"0"
S32-000024,"PID.DevYellow",false,"0",,,,,,,,false,false,"0"
C-000001,"PID.ErrorSq",false,"False",,,,,,,,false,false,"False"
F32-000001,"PID.Gain",false,"5",,,,,,,,false,false,"0"
S32-000021,"PID.High",false,"0",,,,,,,,false,false,"0"
S32-000020,"PID.HighHigh",false,"0",,,,,,,,false,false,"0"
S32-000056,"PID.InitPVBump",false,"0",,,,,,,,false,false,"0"
S32-000077,"PID.InputRangeMax",false,"8191",,,,,,,,false,false,"0"
S32-000004,"PID.InputRangeMin",false,"0",,,,,,,,false,false,"0"
C-000008,"PID.IsDevOrange",false,"False",,,,,,,,false,false,"False"
C-000007,"PID.IsDevYellow",false,"False",,,,,,,,false,false,"False"
C-000004,"PID.IsHigh",false,"False",,,,,,,,false,false,"False"
C-000003,"PID.IsHighHigh",false,"False",,,,,,,,false,false,"False"
C-000005,"PID.IsLow",false,"False",,,,,,,,false,false,"False"
C-000006,"PID.IsLowLow",false,"False",,,,,,,,false,false,"False"
C-000009,"PID.IsRateChange",false,"False",,,,,,,,false,false,"False"
S32-000014,"PID.LoopOffset",false,"0",,,,,,,,false,false,"0"
S32-000053,"PID.LoopType",false,"0",,,,,,,,false,false,"0"
S32-000022,"PID.Low",false,"0",,,,,,,,false,false,"0"
S32-000023,"PID.LowLow",false,"0",,,,,,,,false,false,"0"
S32-000052,"PID.MinAlarmHyst",false,"0",,,,,,,,false,false,"0"
S32-000028,"PID.MinAutoSetPoint",false,"0",,,,,,,,false,false,"0"
S32-000041,"PID.MinBiasTerm",false,"0",,,,,,,,false,false,"0"
S32-000043,"PID.MinDeadband",false,"0",,,,,,,,false,false,"0"
S32-000040,"PID.MinDerivLimit",false,"0",,,,,,,,false,false,"0"
S32-000050,"PID.MinDevOrange",false,"0",,,,,,,,false,false,"0"
S32-000049,"PID.MinDevYellow",false,"0",,,,,,,,false,false,"0"
C-000048,"PID.MinErrorSq",false,"False",,,,,,,,false,false,"False"
S32-000030,"PID.MinGain",false,"0",,,,,,,,false,false,"0"
S32-000046,"PID.MinHigh",false,"0",,,,,,,,false,false,"0"
S32-000045,"PID.MinHighHigh",false,"0",,,,,,,,false,false,"0"
C-000016,"PID.MinIsDevOrange",false,"False",,,,,,,,false,false,"False"
C-000052,"PID.MinIsDevYellow",false,"False",,,,,,,,false,false,"False"
C-000012,"PID.MinIsHigh",false,"False",,,,,,,,false,false,"False"
C-000049,"PID.MinIsHighHigh",false,"False",,,,,,,,false,false,"False"
C-000050,"PID.MinIsLow",false,"False",,,,,,,,false,false,"False"
C-000051,"PID.MinIsLowLow",false,"False",,,,,,,,false,false,"False"
C-000017,"PID.MinIsRateChange",false,"False",,,,,,,,false,false,"False"
S32-000039,"PID.MinLoopOffset",false,"0",,,,,,,,false,false,"0"
S32-000047,"PID.MinLow",false,"0",,,,,,,,false,false,"0"
S32-000048,"PID.MinLowLow",false,"0",,,,,,,,false,false,"0"
S32-000037,"PID.MinOutLowerLim",false,"0",,,,,,,,false,false,"0"
S32-000034,"PID.MinOutRangeMax",false,"0",,,,,,,,false,false,"0"
S32-000035,"PID.MinOutRangeMin",false,"0",,,,,,,,false,false,"0"
S32-000036,"PID.MinOutUpperLim",false,"0",,,,,,,,false,false,"0"
S32-000033,"PID.MinOutput",false,"0",,,,,,,,false,false,"0"
S32-000044,"PID.MinProcOutPcnt",false,"0",,,,,,,,false,false,"0"
S32-000029,"PID.MinProcessVar",false,"0",,,,,,,,false,false,"0"
S32-000032,"PID.MinRate",false,"0",,,,,,,,false,false,"0"
S32-000051,"PID.MinRateChange",false,"0",,,,,,,,false,false,"0"
S32-000031,"PID.MinReset",false,"0",,,,,,,,false,false,"0"
S32-000042,"PID.MinSPAccelGain",false,"0",,,,,,,,false,false,"0"
S32-000038,"PID.MinSampleRate",false,"0",,,,,,,,false,false,"0"
S32-000012,"PID.OutLowerLim",false,"0",,,,,,,,false,false,"0"
S32-000187,"PID.OutRangeMax",false,"1000",,,,,,,,false,false,"0"
S32-000078,"PID.OutRangeMin",false,"0",,,,,,,,false,false,"0"
S32-000011,"PID.OutUpperLim",false,"1000",,,,,,,,false,false,"0"
S32-000186,"PID.Output",false,"0",,,,,,,,false,false,"0"
S32-000055,"PID.PVDeadband",false,"0",,,,,,,,false,false,"0"
S32-000019,"PID.ProcOutPcnt",false,"0",,,,,,,,false,false,"0"
S32-000189,"PID.ProcessVar",false,"0",400005,400006,,,,,,false,false,"0"
F32-000002,"PID.Rate",false,"0.3",,,,,,,,false,false,"0"
S32-000026,"PID.RateChange",false,"0",,,,,,,,false,false,"0"
F32-000003,"PID.Reset",false,"0.1",,,,,,,,false,false,"0"
S32-000017,"PID.SPAccelGain",false,"0",,,,,,,,false,false,"0"
S32-000013,"PID.SampleRate",false,"500",,,,,,,,false,false,"0"
S32-000076,"PID.SetPoint",false,"200",400015,400016,,,,,,false,false,"0"
S32-000058,"PID.Status",false,"0",,,,,,,,false,false,"0"
S32-000054,"PID.TuningType",false,"0",,,,,,,,false,false,"0"
SSTR-000105,"PLC LCD Display[CPU]",false,,,,50,,,,"PLC LCD Data Display",,,
SWR-001505,"Peak Logic Scan Time [x100=usec]",false,"0",,,,,,,"longest logic scan time",,,
SWR-001502,"Peak Scan Interval [x100=usec]",false,"0",,,,,,,"longest overall scan time",,,
SBRW-001006,"Portable Memory Device Eject",false,"False",,,,,,,"Users set to 1(ON) and the system reset to 0 as eject is completed",,,
SBR-000001,"Portable Memory Device Ready",false,"False",,,,,,,"PMD is installed and ready to use",,,
SWR-001512,"Program Memory Size",false,"0",,,,,,,"current percentage of CPU memory used by the project",,,
S32-000207,"Ramp.AccelDecel",false,"0",,,,,,,,false,false,"0"
S32-000208,"Ramp.Jerk",false,"0",,,,,,,,false,false,"0"
S32-000209,"Ramp.Output",false,"0",,,,,,,,false,false,"0"
S32-000206,"Ramp.Setpoint",true,"2200",,,,,,,,false,false,"0"
SBRW-001003,"Refresh Critical Error Log",false,"False",,,,,,,"set On to refresh the ""Critical Error Log""",,,
SBRW-001004,"Refresh Non-Critical Error Log",false,"False",,,,,,,"set On to refresh the ""Noncritical Error Log""",,,
SSTR-000103,"Requested Module Name",false,,,,50,,,,"name of specified module (see ""Identify Module Request bit"")",,,
AR1S32-000002(1),"SimpleTimer(1).Current",FALSE,"0",,,,,6,,,,,
AR1S32-000002(2),"SimpleTimer(2).Current",FALSE,"0",,,,,,,,,,
AR1S32-000002(3),"SimpleTimer(3).Current",FALSE,"0",,,,,,,,,,
AR1S32-000002(4),"SimpleTimer(4).Current",FALSE,"0",,,,,,,,,,
AR1S32-000002(5),"SimpleTimer(5).Current",FALSE,"0",,,,,,,,,,
AR1S32-000002(6),"SimpleTimer(6).Current",FALSE,"0",,,,,,,,,,
AR1C-000006(1),"SimpleTimer(1).Done",FALSE,"False",,,,,6,,,,,
AR1C-000006(2),"SimpleTimer(2).Done",FALSE,"False",,,,,,,,,,
AR1C-000006(3),"SimpleTimer(3).Done",FALSE,"False",,,,,,,,,,
AR1C-000006(4),"SimpleTimer(4).Done",FALSE,"False",,,,,,,,,,
AR1C-000006(5),"SimpleTimer(5).Done",FALSE,"False",,,,,,,,,,
AR1C-000006(6),"SimpleTimer(6).Done",FALSE,"False",,,,,,,,,,
AR1S32-000001(1),"SimpleTimer(1).Preset",TRUE,"10",,,,,6,,,,,
AR1S32-000001(2),"SimpleTimer(2).Preset",TRUE,"500",,,,,,,,,,
AR1S32-000001(3),"SimpleTimer(3).Preset",TRUE,"10",,,,,,,,,,
AR1S32-000001(4),"SimpleTimer(4).Preset",TRUE,"0",,,,,,,,,,
AR1S32-000001(5),"SimpleTimer(5).Preset",TRUE,"0",,,,,,,,,,
AR1S32-000001(6),"SimpleTimer(6).Preset",TRUE,"0",,,,,,,,,,
SBR-001010,"Switch in Run Bit",false,"False",,,,,,,"On if CPU Switch is up (Run)",,,
SBR-001011,"Switch in Stop Bit",false,"False",,,,,,,"On if CPU Switch is down (Stop)",,,
C-000091,"Test1",false,"False",,,,,,,,false,false,"False"
C-000106,"Test3",false,"False",000002,000002,,,,,,false,false,"False"
AR1S32-000011(1),"Timer(1).Current",FALSE,"0",,,,,8,,,,,
AR1S32-000011(2),"Timer(2).Current",FALSE,"0",,,,,,,,,,
AR1S32-000011(3),"Timer(3).Current",FALSE,"0",,,,,,,,,,
AR1S32-000011(4),"Timer(4).Current",FALSE,"0",,,,,,,,,,
AR1S32-000011(5),"Timer(5).Current",FALSE,"0",,,,,,,,,,
AR1S32-000011(6),"Timer(6).Current",FALSE,"0",,,,,,,,,,
AR1S32-000011(7),"Timer(7).Current",FALSE,"0",,,,,,,,,,
AR1S32-000011(8),"Timer(8).Current",FALSE,"0",,,,,,,,,,
AR1C-000010(1),"Timer(1).Equal",FALSE,"False",,,,,8,,,,,
AR1C-000010(2),"Timer(2).Equal",FALSE,"False",,,,,,,,,,
AR1C-000010(3),"Timer(3).Equal",FALSE,"False",,,,,,,,,,
AR1C-000010(4),"Timer(4).Equal",FALSE,"False",,,,,,,,,,
AR1C-000010(5),"Timer(5).Equal",FALSE,"False",,,,,,,,,,
AR1C-000010(6),"Timer(6).Equal",FALSE,"False",,,,,,,,,,
AR1C-000010(7),"Timer(7).Equal",FALSE,"False",,,,,,,,,,
AR1C-000010(8),"Timer(8).Equal",FALSE,"False",,,,,,,,,,
AR1C-000012(1),"Timer(1).Greater",FALSE,"False",,,,,8,,,,,
AR1C-000012(2),"Timer(2).Greater",FALSE,"False",,,,,,,,,,
AR1C-000012(3),"Timer(3).Greater",FALSE,"False",,,,,,,,,,
AR1C-000012(4),"Timer(4).Greater",FALSE,"False",,,,,,,,,,
AR1C-000012(5),"Timer(5).Greater",FALSE,"False",,,,,,,,,,
AR1C-000012(6),"Timer(6).Greater",FALSE,"False",,,,,,,,,,
AR1C-000012(7),"Timer(7).Greater",FALSE,"False",,,,,,,,,,
AR1C-000012(8),"Timer(8).Greater",FALSE,"False",,,,,,,,,,
AR1C-000011(1),"Timer(1).Less",FALSE,"False",,,,,8,,,,,
AR1C-000011(2),"Timer(2).Less",FALSE,"False",,,,,,,,,,
AR1C-000011(3),"Timer(3).Less",FALSE,"False",,,,,,,,,,
AR1C-000011(4),"Timer(4).Less",FALSE,"False",,,,,,,,,,
AR1C-000011(5),"Timer(5).Less",FALSE,"False",,,,,,,,,,
AR1C-000011(6),"Timer(6).Less",FALSE,"False",,,,,,,,,,
AR1C-000011(7),"Timer(7).Less",FALSE,"False",,,,,,,,,,
AR1C-000011(8),"Timer(8).Less",FALSE,"False",,,,,,,,,,
AR1S32-000009(1),"Timer(1).Preset",FALSE,"0",,,,,8,,,,,
AR1S32-000009(2),"Timer(2).Preset",FALSE,"0",,,,,,,,,,
AR1S32-000009(3),"Timer(3).Preset",FALSE,"0",,,,,,,,,,
AR1S32-000009(4),"Timer(4).Preset",FALSE,"0",,,,,,,,,,
AR1S32-000009(5),"Timer(5).Preset",FALSE,"0",,,,,,,,,,
AR1S32-000009(6),"Timer(6).Preset",FALSE,"0",,,,,,,,,,
AR1S32-000009(7),"Timer(7).Preset",FALSE,"0",,,,,,,,,,
AR1S32-000009(8),"Timer(8).Preset",FALSE,"0",,,,,,,,,,
AR1S32-000010(1),"Timer(1).Reset",FALSE,"0",,,,,8,,,,,
AR1S32-000010(2),"Timer(2).Reset",FALSE,"0",,,,,,,,,,
AR1S32-000010(3),"Timer(3).Reset",FALSE,"0",,,,,,,,,,
AR1S32-000010(4),"Timer(4).Reset",FALSE,"0",,,,,,,,,,
AR1S32-000010(5),"Timer(5).Reset",FALSE,"0",,,,,,,,,,
AR1S32-000010(6),"Timer(6).Reset",FALSE,"0",,,,,,,,,,
AR1S32-000010(7),"Timer(7).Reset",FALSE,"0",,,,,,,,,,
AR1S32-000010(8),"Timer(8).Reset",FALSE,"0",,,,,,,,,,
SWR-001507,"Total Scan Count1",false,"0",,,,,,,"total number of scans since entering Run mode (S32 low word)",,,
SWR-001508,"Total Scan Count2",false,"0",,,,,,,"total number of scans since entering Run mode (S32 high word)",,,
SBR-001016,"Watchdog Timeout",false,"False",,,,,,,"On if the actual scan time has exceeded the limit set in the project",,,
AR1F32-000002(1),"arrCalc_Volts_AI(1)",FALSE,"0.0",,,,,4,,,,,
AR1F32-000002(2),"arrCalc_Volts_AI(2)",FALSE,"0.0",,,,,,,,,,
AR1F32-000002(3),"arrCalc_Volts_AI(3)",FALSE,"0.0",,,,,,,,,,
AR1F32-000002(4),"arrCalc_Volts_AI(4)",FALSE,"0.0",,,,,,,,,,
AR1F32-000001(1),"arrCalc_Volts_AO(1)",FALSE,"0.0",,,,,2,,,,,
AR1F32-000001(2),"arrCalc_Volts_AO(2)",FALSE,"0.0",,,,,,,,,,
AR1C-000007(1),"arrDMM_Bit(1)",FALSE,"True",,,,,16,,,,,
AR1C-000007(2),"arrDMM_Bit(2)",FALSE,"True",,,,,,,,,,
AR1C-000007(3),"arrDMM_Bit(3)",FALSE,"True",,,,,,,,,,
AR1C-000007(4),"arrDMM_Bit(4)",FALSE,"True",,,,,,,,,,
AR1C-000007(5),"arrDMM_Bit(5)",FALSE,"True",,,,,,,,,,
AR1C-000007(6),"arrDMM_Bit(6)",FALSE,"True",,,,,,,,,,
AR1C-000007(7),"arrDMM_Bit(7)",FALSE,"True",,,,,,,,,,
AR1C-000007(8),"arrDMM_Bit(8)",FALSE,"True",,,,,,,,,,
AR1C-000007(9),"arrDMM_Bit(9)",FALSE,"True",,,,,,,,,,
AR1C-000007(10),"arrDMM_Bit(10)",FALSE,"True",,,,,,,,,,
AR1C-000007(11),"arrDMM_Bit(11)",FALSE,"True",,,,,,,,,,
AR1C-000007(12),"arrDMM_Bit(12)",FALSE,"True",,,,,,,,,,
AR1C-000007(13),"arrDMM_Bit(13)",FALSE,"True",,,,,,,,,,
AR1C-000007(14),"arrDMM_Bit(14)",FALSE,"True",,,,,,,,,,
AR1C-000007(15),"arrDMM_Bit(15)",FALSE,"True",,,,,,,,,,
AR1C-000007(16),"arrDMM_Bit(16)",FALSE,"True",,,,,,,,,,
AR1C-000001(1),"arrLocalInput(1)",FALSE,"False",,,,,8,,,,,
AR1C-000001(2),"arrLocalInput(2)",FALSE,"False",,,,,,,,,,
AR1C-000001(3),"arrLocalInput(3)",FALSE,"False",,,,,,,,,,
AR1C-000001(4),"arrLocalInput(4)",FALSE,"False",,,,,,,,,,
AR1C-000001(5),"arrLocalInput(5)",FALSE,"False",,,,,,,,,,
AR1C-000001(6),"arrLocalInput(6)",FALSE,"False",,,,,,,,,,
AR1C-000001(7),"arrLocalInput(7)",FALSE,"False",,,,,,,,,,
AR1C-000001(8),"arrLocalInput(8)",FALSE,"False",,,,,,,,,,
AR1C-000003(1),"arrLocalOutput(1)",FALSE,"False",,,,,8,,,,,
AR1C-000003(2),"arrLocalOutput(2)",FALSE,"False",,,,,,,,,,
AR1C-000003(3),"arrLocalOutput(3)",FALSE,"False",,,,,,,,,,
AR1C-000003(4),"arrLocalOutput(4)",FALSE,"False",,,,,,,,,,
AR1C-000003(5),"arrLocalOutput(5)",FALSE,"False",,,,,,,,,,
AR1C-000003(6),"arrLocalOutput(6)",FALSE,"False",,,,,,,,,,
AR1C-000003(7),"arrLocalOutput(7)",FALSE,"False",,,,,,,,,,
AR1C-000003(8),"arrLocalOutput(8)",FALSE,"False",,,,,,,,,,
AR1C-000005(1),"arrResetArray_Bool(1)",TRUE,"False",,,,,16,,,,,
AR1C-000005(2),"arrResetArray_Bool(2)",TRUE,"False",,,,,,,,,,
AR1C-000005(3),"arrResetArray_Bool(3)",TRUE,"False",,,,,,,,,,
AR1C-000005(4),"arrResetArray_Bool(4)",TRUE,"False",,,,,,,,,,
AR1C-000005(5),"arrResetArray_Bool(5)",TRUE,"False",,,,,,,,,,
AR1C-000005(6),"arrResetArray_Bool(6)",TRUE,"False",,,,,,,,,,
AR1C-000005(7),"arrResetArray_Bool(7)",TRUE,"False",,,,,,,,,,
AR1C-000005(8),"arrResetArray_Bool(8)",TRUE,"False",,,,,,,,,,
AR1C-000005(9),"arrResetArray_Bool(9)",TRUE,"False",,,,,,,,,,
AR1C-000005(10),"arrResetArray_Bool(10)",TRUE,"False",,,,,,,,,,
AR1C-000005(11),"arrResetArray_Bool(11)",TRUE,"False",,,,,,,,,,
AR1C-000005(12),"arrResetArray_Bool(12)",TRUE,"False",,,,,,,,,,
AR1C-000005(13),"arrResetArray_Bool(13)",TRUE,"False",,,,,,,,,,
AR1C-000005(14),"arrResetArray_Bool(14)",TRUE,"False",,,,,,,,,,
AR1C-000005(15),"arrResetArray_Bool(15)",TRUE,"False",,,,,,,,,,
AR1C-000005(16),"arrResetArray_Bool(16)",TRUE,"False",,,,,,,,,,
S32-000250,"aveAI1_1",false,"0",,,,,,,,false,false,"0"
C-000107,"bConnect_DMM",true,"True",000001,000001,,,,,,false,false,"False"
C-000020,"bHMI_Handshake",false,"False",,,,,,,,false,false,"False"
F32-000024,"fDMM_UnderVoltFaultMultiplier",true,"0.15",,,,,,,,false,false,"0.0"
F32-000025,"fDMM_UnderVoltWarnMultiplier",true,"0.10",,,,,,,,false,false,"0.0"
F32-000023,"fDMM_UnderVoltageFault",false,"0.0",,,,,,,,false,false,"0.0"
F32-000022,"fDMM_UnderVoltageWarn",false,"0.0",,,,,,,,false,false,"0.0"
F32-000020,"fDMM_VoltageFinal",false,"0.0",400001,400002,,,,,,false,false,"0.0"
F32-000019,"fDMM_VoltageRaw",false,"0.0",,,,,,,,false,false,"0.0"
F32-000021,"fDMM_Voltage_High",false,"0.0",,,,,,,,false,false,"0.0"
US16-000008,"iChangeHMI_Scrn",false,"10",400003,400003,,,,,,false,false,"0"
BCD16-000001,"iCurrentScreen",false,"0",400004,400004,,,,,,false,false,"0"
BCD16-000002,"iDMM_Bit",false,"0",,,,,,,,false,false,"0"
S32-000247,"iHMI_In",false,"0",400013,400014,,,,,,false,false,"0"
S32-000196,"iHighest_Pressure",false,"0",,,,,,,,false,false,"0"
S32-000008,"iInterlock",false,"0",,,,,,,,false,false,"0"
S32-000245,"iInterlock_Hold",false,"0",,,,,,,,false,false,"0"
S32-000195,"iMaxPressure",false,"1000",,,,,,,,false,false,"0"
S32-000202,"iPLC_Bit",false,"0",400007,400008,,,,,,false,false,"0"
S32-000205,"iPV_Stablize",false,"0",,,,,,,,false,false,"0"
S32-000221,"iQuery_String_Length",false,"0",,,,,,,,false,false,"0"
S32-000193,"iSetPt_High",false,"0",,,,,,,,false,false,"0"
S32-000192,"iSetPt_Low",false,"0",,,,,,,,false,false,"0"
S32-000246,"iSetupScreen",true,"10",,,,,,,,false,false,"0"
STR-000004,"sDMM_Query",true,,,,128,,,,,,,
STR-000034,"sDMM_Reading_String",false,,,,15,,,,,,,
STR-000006,"sDMM_VoltageRaw1",true,,,,15,,,,,,,
STR-000024,"sDMM_VoltageRaw2",false,,,,15,,,,,,,
STR-000008,"sendString",false,,,,128,,,,,,,
